{
  "meta": {
    "character_name": "フリーナ",
    "build_name": "サポート",
    "score_mode": "HP型",
    "target_score": 180,
    "trials": 100000,
    "resin_per_day": 180,
    "runs_per_day": 9.0,
    "max_days": 365,
    "max_attempts": 3285,
    "elapsed_seconds": 2425.2674221992493,
    "selected_mainstats": {
      "花": "HP",
      "羽": "攻撃力",
      "時計": "HP%",
      "杯": "HP%",
      "冠": "会心率"
    },
    "elixir_interval": 0,
    "reroll_interval": 0,
    "reroll_times": 1,
    "strongbox_enabled": false,
    "strongbox_target_set": "セット1"
  },
  "summary": {
    "success_count": 99998,
    "failed_count": 2,
    "success_rate": 99.998,
    "failed_rate": 0.002,
    "attempts_average": 732.2714654293086,
    "attempts_median": 674,
    "attempts_bottom_10%": 1205,
    "attempts_top_10%": 332,
    "attempts_bottom_1%": 1815,
    "attempts_top_1%": 167,
    "days_average": 81.36349615881207,
    "days_median": 74.88888888888889,
    "days_bottom_10%": 133.88888888888889,
    "days_top_10%": 36.888888888888886,
    "days_bottom_1%": 201.66666666666666,
    "days_top_1%": 18.555555555555557
  },
  "days_tail_percent_table": {
    "bottom": {
      "bottom_0.1%": 10.222222222222221,
      "bottom_0.2%": 12.333333333333334,
      "bottom_0.3%": 13.555555555555555,
      "bottom_0.4%": 14.444444444444445,
      "bottom_0.5%": 15.333333333333334,
      "bottom_0.6%": 16.11111111111111,
      "bottom_0.7%": 16.88888888888889,
      "bottom_0.8%": 17.444444444444443,
      "bottom_0.9%": 18.0,
      "bottom_1.0%": 18.555555555555557,
      "bottom_1.1%": 19.0,
      "bottom_1.2%": 19.444444444444443,
      "bottom_1.3%": 19.77777777777778,
      "bottom_1.4%": 20.22222222222222,
      "bottom_1.5%": 20.666666666666668,
      "bottom_1.6%": 21.0,
      "bottom_1.7%": 21.444444444444443,
      "bottom_1.8%": 21.77777777777778,
      "bottom_1.9%": 22.11111111111111,
      "bottom_2.0%": 22.444444444444443,
      "bottom_2.1%": 22.666666666666668,
      "bottom_2.2%": 23.0,
      "bottom_2.3%": 23.333333333333332,
      "bottom_2.4%": 23.555555555555557,
      "bottom_2.5%": 23.88888888888889,
      "bottom_2.6%": 24.11111111111111,
      "bottom_2.7%": 24.333333333333332,
      "bottom_2.8%": 24.666666666666668,
      "bottom_2.9%": 25.0,
      "bottom_3.0%": 25.22222222222222,
      "bottom_3.1%": 25.444444444444443,
      "bottom_3.2%": 25.666666666666668,
      "bottom_3.3%": 25.88888888888889,
      "bottom_3.4%": 26.11111111111111,
      "bottom_3.5%": 26.333333333333332,
      "bottom_3.6%": 26.666666666666668,
      "bottom_3.7%": 26.88888888888889,
      "bottom_3.8%": 27.11111111111111,
      "bottom_3.9%": 27.333333333333332,
      "bottom_4.0%": 27.555555555555557,
      "bottom_4.1%": 27.77777777777778,
      "bottom_4.2%": 27.88888888888889,
      "bottom_4.3%": 28.11111111111111,
      "bottom_4.4%": 28.333333333333332,
      "bottom_4.5%": 28.555555555555557,
      "bottom_4.6%": 28.666666666666668,
      "bottom_4.7%": 28.88888888888889,
      "bottom_4.8%": 29.0,
      "bottom_4.9%": 29.22222222222222,
      "bottom_5.0%": 29.444444444444443,
      "bottom_5.1%": 29.555555555555557,
      "bottom_5.2%": 29.77777777777778,
      "bottom_5.3%": 29.88888888888889,
      "bottom_5.4%": 30.11111111111111,
      "bottom_5.5%": 30.22222222222222,
      "bottom_5.6%": 30.444444444444443,
      "bottom_5.7%": 30.555555555555557,
      "bottom_5.8%": 30.77777777777778,
      "bottom_5.9%": 30.88888888888889,
      "bottom_6.0%": 31.11111111111111,
      "bottom_6.1%": 31.22222222222222,
      "bottom_6.2%": 31.444444444444443,
      "bottom_6.3%": 31.555555555555557,
      "bottom_6.4%": 31.77777777777778,
      "bottom_6.5%": 31.88888888888889,
      "bottom_6.6%": 32.0,
      "bottom_6.7%": 32.111111111111114,
      "bottom_6.8%": 32.333333333333336,
      "bottom_6.9%": 32.44444444444444,
      "bottom_7.0%": 32.666666666666664,
      "bottom_7.1%": 32.77777777777778,
      "bottom_7.2%": 33.0,
      "bottom_7.3%": 33.111111111111114,
      "bottom_7.4%": 33.22222222222222,
      "bottom_7.5%": 33.44444444444444,
      "bottom_7.6%": 33.55555555555556,
      "bottom_7.7%": 33.666666666666664,
      "bottom_7.8%": 33.77777777777778,
      "bottom_7.9%": 34.0,
      "bottom_8.0%": 34.111111111111114,
      "bottom_8.1%": 34.333333333333336,
      "bottom_8.2%": 34.44444444444444,
      "bottom_8.3%": 34.55555555555556,
      "bottom_8.4%": 34.666666666666664,
      "bottom_8.5%": 34.888888888888886,
      "bottom_8.6%": 35.0,
      "bottom_8.7%": 35.111111111111114,
      "bottom_8.8%": 35.333333333333336,
      "bottom_8.9%": 35.44444444444444,
      "bottom_9.0%": 35.55555555555556,
      "bottom_9.1%": 35.666666666666664,
      "bottom_9.2%": 35.888888888888886,
      "bottom_9.3%": 36.0,
      "bottom_9.4%": 36.111111111111114,
      "bottom_9.5%": 36.22222222222222,
      "bottom_9.6%": 36.333333333333336,
      "bottom_9.7%": 36.44444444444444,
      "bottom_9.8%": 36.666666666666664,
      "bottom_9.9%": 36.77777777777778,
      "bottom_10.0%": 36.888888888888886
    },
    "top": {
      "top_0.1%": 262.55555555555554,
      "top_0.2%": 244.88888888888889,
      "top_0.3%": 233.55555555555554,
      "top_0.4%": 226.22222222222223,
      "top_0.5%": 220.33333333333334,
      "top_0.6%": 215.44444444444446,
      "top_0.7%": 211.66666666666666,
      "top_0.8%": 207.88888888888889,
      "top_0.9%": 204.44444444444446,
      "top_1.0%": 201.66666666666666,
      "top_1.1%": 198.88888888888889,
      "top_1.2%": 196.77777777777777,
      "top_1.3%": 194.44444444444446,
      "top_1.4%": 192.44444444444446,
      "top_1.5%": 190.33333333333334,
      "top_1.6%": 188.55555555555554,
      "top_1.7%": 186.77777777777777,
      "top_1.8%": 185.33333333333334,
      "top_1.9%": 183.66666666666666,
      "top_2.0%": 182.55555555555554,
      "top_2.1%": 181.33333333333334,
      "top_2.2%": 179.88888888888889,
      "top_2.3%": 178.66666666666666,
      "top_2.4%": 177.22222222222223,
      "top_2.5%": 176.11111111111111,
      "top_2.6%": 174.77777777777777,
      "top_2.7%": 173.77777777777777,
      "top_2.8%": 172.55555555555554,
      "top_2.9%": 171.44444444444446,
      "top_3.0%": 170.55555555555554,
      "top_3.1%": 169.55555555555554,
      "top_3.2%": 168.77777777777777,
      "top_3.3%": 168.0,
      "top_3.4%": 167.11111111111111,
      "top_3.5%": 166.22222222222223,
      "top_3.6%": 165.44444444444446,
      "top_3.7%": 164.66666666666666,
      "top_3.8%": 163.77777777777777,
      "top_3.9%": 163.0,
      "top_4.0%": 162.33333333333334,
      "top_4.1%": 161.66666666666666,
      "top_4.2%": 160.88888888888889,
      "top_4.3%": 160.22222222222223,
      "top_4.4%": 159.66666666666666,
      "top_4.5%": 158.88888888888889,
      "top_4.6%": 158.22222222222223,
      "top_4.7%": 157.55555555555554,
      "top_4.8%": 156.88888888888889,
      "top_4.9%": 156.22222222222223,
      "top_5.0%": 155.66666666666666,
      "top_5.1%": 155.0,
      "top_5.2%": 154.44444444444446,
      "top_5.3%": 153.88888888888889,
      "top_5.4%": 153.22222222222223,
      "top_5.5%": 152.66666666666666,
      "top_5.6%": 152.22222222222223,
      "top_5.7%": 151.66666666666666,
      "top_5.8%": 151.11111111111111,
      "top_5.9%": 150.55555555555554,
      "top_6.0%": 150.11111111111111,
      "top_6.1%": 149.55555555555554,
      "top_6.2%": 149.0,
      "top_6.3%": 148.55555555555554,
      "top_6.4%": 148.11111111111111,
      "top_6.5%": 147.66666666666666,
      "top_6.6%": 147.22222222222223,
      "top_6.7%": 146.77777777777777,
      "top_6.8%": 146.22222222222223,
      "top_6.9%": 145.77777777777777,
      "top_7.0%": 145.33333333333334,
      "top_7.1%": 144.88888888888889,
      "top_7.2%": 144.33333333333334,
      "top_7.3%": 144.0,
      "top_7.4%": 143.55555555555554,
      "top_7.5%": 143.0,
      "top_7.6%": 142.66666666666666,
      "top_7.7%": 142.33333333333334,
      "top_7.8%": 141.88888888888889,