{
  "meta": {
    "character_name": "フリーナ",
    "build_name": "サポート",
    "score_mode": "HP型",
    "target_score": 180,
    "trials": 1000,
    "resin_per_day": 180,
    "runs_per_day": 9.0,
    "max_days": 365,
    "max_attempts": 3285,
    "elapsed_seconds": 23.823984622955322,
    "selected_mainstats": {
      "花": "HP",
      "羽": "攻撃力",
      "時計": "HP%",
      "杯": "HP%",
      "冠": "会心率"
    },
    "elixir_interval": 0,
    "reroll_interval": 0,
    "reroll_times": 1,
    "strongbox_enabled": false,
    "strongbox_target_set": "セット1"
  },
  "summary": {
    "success_count": 1000,
    "failed_count": 0,
    "success_rate": 100.0,
    "failed_rate": 0.0,
    "attempts_average": 741.661,
    "attempts_median": 693,
    "attempts_bottom_10%": 1214,
    "attempts_top_10%": 343,
    "attempts_bottom_1%": 1802,
    "attempts_top_1%": 186,
    "days_average": 82.40677777777778,
    "days_median": 77.0,
    "days_bottom_10%": 134.88888888888889,
    "days_top_10%": 38.111111111111114,
    "days_bottom_1%": 200.22222222222223,
    "days_top_1%": 20.666666666666668
  },
  "days_tail_percent_table": {
    "bottom": {
      "bottom_0.1%": 12.555555555555555,
      "bottom_0.2%": 16.666666666666668,
      "bottom_0.3%": 17.333333333333332,
      "bottom_0.4%": 17.77777777777778,
      "bottom_0.5%": 19.444444444444443,
      "bottom_0.6%": 19.666666666666668,
      "bottom_0.7%": 19.77777777777778,
      "bottom_0.8%": 20.333333333333332,
      "bottom_0.9%": 20.555555555555557,
      "bottom_1.0%": 20.666666666666668,
      "bottom_1.1%": 21.11111111111111,
      "bottom_1.2%": 21.22222222222222,
      "bottom_1.3%": 21.666666666666668,
      "bottom_1.4%": 22.444444444444443,
      "bottom_1.5%": 22.88888888888889,
      "bottom_1.6%": 22.88888888888889,
      "bottom_1.7%": 23.22222222222222,
      "bottom_1.8%": 23.333333333333332,
      "bottom_1.9%": 23.333333333333332,
      "bottom_2.0%": 23.555555555555557,
      "bottom_2.1%": 23.77777777777778,
      "bottom_2.2%": 24.666666666666668,
      "bottom_2.3%": 24.77777777777778,
      "bottom_2.4%": 25.11111111111111,
      "bottom_2.5%": 25.333333333333332,
      "bottom_2.6%": 25.555555555555557,
      "bottom_2.7%": 25.77777777777778,
      "bottom_2.8%": 26.0,
      "bottom_2.9%": 26.22222222222222,
      "bottom_3.0%": 26.444444444444443,
      "bottom_3.1%": 26.666666666666668,
      "bottom_3.2%": 26.666666666666668,
      "bottom_3.3%": 26.666666666666668,
      "bottom_3.4%": 26.77777777777778,
      "bottom_3.5%": 27.0,
      "bottom_3.6%": 28.0,
      "bottom_3.7%": 28.11111111111111,
      "bottom_3.8%": 28.22222222222222,
      "bottom_3.9%": 28.77777777777778,
      "bottom_4.0%": 28.77777777777778,
      "bottom_4.1%": 29.22222222222222,
      "bottom_4.2%": 29.22222222222222,
      "bottom_4.3%": 29.77777777777778,
      "bottom_4.4%": 30.0,
      "bottom_4.5%": 30.0,
      "bottom_4.6%": 30.11111111111111,
      "bottom_4.7%": 30.666666666666668,
      "bottom_4.8%": 30.666666666666668,
      "bottom_4.9%": 30.666666666666668,
      "bottom_5.0%": 30.77777777777778,
      "bottom_5.1%": 30.77777777777778,
      "bottom_5.2%": 31.0,
      "bottom_5.3%": 31.11111111111111,
      "bottom_5.4%": 31.22222222222222,
      "bottom_5.5%": 31.22222222222222,
      "bottom_5.6%": 31.666666666666668,
      "bottom_5.7%": 32.55555555555556,
      "bottom_5.8%": 32.55555555555556,
      "bottom_5.9%": 32.77777777777778,
      "bottom_6.0%": 32.888888888888886,
      "bottom_6.1%": 33.0,
      "bottom_6.2%": 33.22222222222222,
      "bottom_6.3%": 33.333333333333336,
      "bottom_6.4%": 33.333333333333336,
      "bottom_6.5%": 34.111111111111114,
      "bottom_6.6%": 34.333333333333336,
      "bottom_6.7%": 34.44444444444444,
      "bottom_6.8%": 34.44444444444444,
      "bottom_6.9%": 34.666666666666664,
      "bottom_7.0%": 34.77777777777778,
      "bottom_7.1%": 34.77777777777778,
      "bottom_7.2%": 34.77777777777778,
      "bottom_7.3%": 34.77777777777778,
      "bottom_7.4%": 34.888888888888886,
      "bottom_7.5%": 35.0,
      "bottom_7.6%": 35.22222222222222,
      "bottom_7.7%": 35.333333333333336,
      "bottom_7.8%": 35.55555555555556,
      "bottom_7.9%": 35.55555555555556,
      "bottom_8.0%": 35.666666666666664,
      "bottom_8.1%": 35.888888888888886,
      "bottom_8.2%": 36.0,
      "bottom_8.3%": 36.0,
      "bottom_8.4%": 36.0,
      "bottom_8.5%": 36.44444444444444,
      "bottom_8.6%": 36.55555555555556,
      "bottom_8.7%": 36.55555555555556,
      "bottom_8.8%": 36.77777777777778,
      "bottom_8.9%": 36.77777777777778,
      "bottom_9.0%": 37.0,
      "bottom_9.1%": 37.22222222222222,
      "bottom_9.2%": 37.333333333333336,
      "bottom_9.3%": 37.55555555555556,
      "bottom_9.4%": 37.666666666666664,
      "bottom_9.5%": 37.666666666666664,
      "bottom_9.6%": 37.888888888888886,
      "bottom_9.7%": 37.888888888888886,
      "bottom_9.8%": 38.0,
      "bottom_9.9%": 38.0,
      "bottom_10.0%": 38.111111111111114
    },
    "top": {
      "top_0.1%": 220.66666666666666,
      "top_0.2%": 215.66666666666666,
      "top_0.3%": 211.44444444444446,
      "top_0.4%": 209.77777777777777,
      "top_0.5%": 206.44444444444446,
      "top_0.6%": 204.33333333333334,
      "top_0.7%": 204.22222222222223,
      "top_0.8%": 202.22222222222223,
      "top_0.9%": 200.44444444444446,
      "top_1.0%": 200.22222222222223,
      "top_1.1%": 199.66666666666666,
      "top_1.2%": 199.66666666666666,
      "top_1.3%": 199.11111111111111,
      "top_1.4%": 193.33333333333334,
      "top_1.5%": 193.11111111111111,
      "top_1.6%": 188.55555555555554,
      "top_1.7%": 186.55555555555554,
      "top_1.8%": 186.22222222222223,
      "top_1.9%": 186.0,
      "top_2.0%": 181.77777777777777,
      "top_2.1%": 181.66666666666666,
      "top_2.2%": 181.55555555555554,
      "top_2.3%": 179.11111111111111,
      "top_2.4%": 178.0,
      "top_2.5%": 177.44444444444446,
      "top_2.6%": 177.33333333333334,
      "top_2.7%": 173.11111111111111,
      "top_2.8%": 169.88888888888889,
      "top_2.9%": 169.66666666666666,
      "top_3.0%": 169.55555555555554,
      "top_3.1%": 168.33333333333334,
      "top_3.2%": 168.22222222222223,
      "top_3.3%": 167.44444444444446,
      "top_3.4%": 167.33333333333334,
      "top_3.5%": 165.33333333333334,
      "top_3.6%": 165.22222222222223,
      "top_3.7%": 164.77777777777777,
      "top_3.8%": 164.11111111111111,
      "top_3.9%": 164.11111111111111,
      "top_4.0%": 162.44444444444446,
      "top_4.1%": 161.66666666666666,
      "top_4.2%": 161.44444444444446,
      "top_4.3%": 161.22222222222223,
      "top_4.4%": 161.0,
      "top_4.5%": 160.77777777777777,
      "top_4.6%": 160.55555555555554,
      "top_4.7%": 158.88888888888889,
      "top_4.8%": 156.88888888888889,
      "top_4.9%": 156.44444444444446,
      "top_5.0%": 156.33333333333334,
      "top_5.1%": 156.33333333333334,
      "top_5.2%": 156.33333333333334,
      "top_5.3%": 156.0,
      "top_5.4%": 155.88888888888889,
      "top_5.5%": 155.33333333333334,
      "top_5.6%": 154.22222222222223,
      "top_5.7%": 153.33333333333334,
      "top_5.8%": 152.0,
      "top_5.9%": 151.55555555555554,
      "top_6.0%": 151.11111111111111,
      "top_6.1%": 150.55555555555554,
      "top_6.2%": 150.11111111111111,
      "top_6.3%": 149.88888888888889,
      "top_6.4%": 149.77777777777777,
      "top_6.5%": 149.66666666666666,
      "top_6.6%": 148.88888888888889,
      "top_6.7%": 148.77777777777777,
      "top_6.8%": 148.11111111111111,
      "top_6.9%": 147.88888888888889,
      "top_7.0%": 147.0,
      "top_7.1%": 145.55555555555554,
      "top_7.2%": 145.22222222222223,
      "top_7.3%": 145.11111111111111,
      "top_7.4%": 144.77777777777777,
      "top_7.5%": 144.66666666666666,
      "top_7.6%": 143.44444444444446,
      "top_7.7%": 143.0,
      "top_7.8%": 142.55555555555554,
      "top_7.9%": 141.22222222222223,
      "top_8.0%": 141.22222222222223,
      "top_8.1%": 141.11111111111111,